Symbol,Security,GICS Sector,GICS Sub-Industry,Headquarters Location,Date added,CIK,Founded,MMM,3M,Industrials,Industrial Conglomerates,"Saint Paul, Minnesota",4.3.1957,66740,1902,AOS,A. O. Smith,Industrials,Building Products,"Milwaukee, Wisconsin",26.7.2017,91142,1916,ABT,Abbott Laboratories,Health Care,Health Care Equipment,"North Chicago, Illinois",4.3.1957,1800,1888,ABBV,AbbVie,Health Care,Biotechnology,"North Chicago, Illinois",31.12.2012,1551152,2013 (1888),ACN,Accenture,Information Technology,IT Consulting & Other Services,"Dublin, Ireland",6.7.2011,1467373,1989,ADBE,Adobe Inc.,Information Technology,Application Software,"San Jose, California",5.5.1997,796343,1982,AMD,Advanced Micro Devices,Information Technology,Semiconductors,"Santa Clara, California",20.3.2017,2488,1969,AES,AES Corporation,Utilities,Independent Power Producers & Energy Traders,"Arlington, Virginia",2.10.1998,874761,1981,AFL,Aflac,Financials,Life & Health Insurance,"Columbus, Georgia",28.5.1999,4977,1955,A,Agilent Technologies,Health Care,Life Sciences Tools & Services,"Santa Clara, California",5.6.2000,1090872,1999,APD,Air Products,Materials,Industrial Gases,"Upper Macungie Township, Pennsylvania",30.4.1985,2969,1940,ABNB,Airbnb,Consumer Discretionary,"Hotels, Resorts & Cruise Lines","San Francisco, California",18.9.2023,1559720,2008,AKAM,Akamai Technologies,Information Technology,Internet Services & Infrastructure,"Cambridge, Massachusetts",12.7.2007,1086222,1998,ALB,Albemarle Corporation,Materials,Specialty Chemicals,"Charlotte, North Carolina",1.7.2016,915913,1994,ARE,Alexandria Real Estate Equities,Real Estate,Office REITs,"Pasadena, California",20.3.2017,1035443,1994,ALGN,Align Technology,Health Care,Health Care Supplies,"Tempe, Arizona",19.6.2017,1097149,1997,ALLE,Allegion,Industrials,Building Products,"Dublin, Ireland",2.12.2013,1579241,1908,LNT,Alliant Energy,Utilities,Electric Utilities,"Madison, Wisconsin",1.7.2016,352541,1917,ALL,Allstate,Financials,Property & Casualty Insurance,"Northbrook, Illinois",13.7.1995,899051,1931,GOOGL,Alphabet Inc.(Class A),Communication Services,Interactive Media & Services,"Mountain View, California",3.4.2014,1652044,1998,GOOG,Alphabet Inc.(Class C),Communication Services,Interactive Media & Services,"Mountain View, California",3.4.2006,1652044,1998,MO,Altria,Consumer Staples,Tobacco,"Richmond, Virginia",4.3.1957,764180,1985,AMZN,Amazon,Consumer Discretionary,Broadline Retail,"Seattle, Washington",18.11.2005,1018724,1994,AMCR,Amcor,Materials,Paper & Plastic Packaging Products & Materials,"Warmley, Bristol, United Kingdom",7.6.2019,1748790,2019 (1860),AMTM,Amentum,Industrials,Diversified Support Services,"Chantilly, Virginia",30.9.2024,2011286,2020,AEE,Ameren,Utilities,Multi-Utilities,"St. Louis, Missouri",19.9.1991,1002910,1902,AEP,American Electric Power,Utilities,Electric Utilities,"Columbus, Ohio",4.3.1957,4904,1906,AXP,American Express,Financials,Consumer Finance,"New York City, New York",30.6.1976,4962,1850,AIG,American International Group,Financials,Multi-line Insurance,"New York City, New York",31.3.1980,5272,1919,AMT,American Tower,Real Estate,Telecom Tower REITs,"Boston, Massachusetts",19.11.2007,1053507,1995,AWK,American Water Works,Utilities,Water Utilities,"Camden, New Jersey",4.3.2016,1410636,1886,AMP,Ameriprise Financial,Financials,Asset Management & Custody Banks,"Minneapolis, Minnesota",3.10.2005,820027,1894,AME,Ametek,Industrials,Electrical Components & Equipment,"Berwyn, Pennsylvania",23.9.2013,1037868,1930,AMGN,Amgen,Health Care,Biotechnology,"Thousand Oaks, California",2.1.1992,318154,1980,APH,Amphenol,Information Technology,Electronic Components,"Wallingford, Connecticut",30.9.2008,820313,1932,ADI,Analog Devices,Information Technology,Semiconductors,"Wilmington, Massachusetts",12.10.1999,6281,1965,ANSS,Ansys,Information Technology,Application Software,"Canonsburg, Pennsylvania",19.6.2017,1013462,1969,AON,Aon,Financials,Insurance Brokers,"London, UK",23.4.1996,315293,1982 (1919),APA,APA Corporation,Energy,Oil & Gas Exploration & Production,"Houston, Texas",28.7.1997,1841666,1954,AAPL,Apple Inc.,Information Technology,"Technology Hardware, Storage & Peripherals","Cupertino, California",30.11.1982,320193,1977,AMAT,Applied Materials,Information Technology,Semiconductor Materials & Equipment,"Santa Clara, California",16.3.1995,6951,1967,APTV,Aptiv,Consumer Discretionary,Automotive Parts & Equipment,"Dublin, Ireland",24.12.2012,1521332,1994,ACGL,Arch Capital Group,Financials,Property & Casualty Insurance,"Hamilton, Bermuda",1.11.2022,947484,1995,ADM,Archer Daniels Midland,Consumer Staples,Agricultural Products & Services,"Chicago, Illinois",4.3.1957,7084,1902,ANET,Arista Networks,Information Technology,Communications Equipment,"Santa Clara, California",28.8.2018,1596532,2004,AJG,Arthur J. Gallagher & Co.,Financials,Insurance Brokers,"Rolling Meadows, Illinois",31.5.2016,354190,1927,AIZ,Assurant,Financials,Multi-line Insurance,"Atlanta, Georgia",10.4.2007,1267238,1892,T,AT&T,Communication Services,Integrated Telecommunication Services,"Dallas, Texas",30.11.1983,732717,1983 (1885),ATO,Atmos Energy,Utilities,Gas Utilities,"Dallas, Texas",15.2.2019,731802,1906,ADSK,Autodesk,Information Technology,Application Software,"San Francisco, California",1.12.1989,769397,1982,ADP,Automatic Data Processing,Industrials,Human Resource & Employment Services,"Roseland, New Jersey",31.3.1981,8670,1949,AZO,AutoZone,Consumer Discretionary,Automotive Retail,"Memphis, Tennessee",2.1.1997,866787,1979,AVB,AvalonBay Communities,Real Estate,Multi-Family Residential REITs,"Arlington, Virginia",10.1.2007,915912,1978,AVY,Avery Dennison,Materials,Paper & Plastic Packaging Products & Materials,"Mentor, Ohio",31.12.1987,8818,1990,AXON,Axon Enterprise,Industrials,Aerospace & Defense,"Scottsdale, Arizona",4.5.2023,1069183,1993,BKR,Baker Hughes,Energy,Oil & Gas Equipment & Services,"Houston, Texas",7.7.2017,1701605,2017,BALL,Ball Corporation,Materials,"Metal, Glass & Plastic Containers","Broomfield, Colorado",31.10.1984,9389,1880,BAC,Bank of America,Financials,Diversified Banks,"Charlotte, North Carolina",30.6.1976,70858,1998 (1923 / 1874),BAX,Baxter International,Health Care,Health Care Equipment,"Deerfield, Illinois",30.9.1972,10456,1931,BDX,Becton Dickinson,Health Care,Health Care Equipment,"Franklin Lakes, New Jersey",30.9.1972,10795,1897,BRK.B,Berkshire Hathaway,Financials,Multi-Sector Holdings,"Omaha, Nebraska",16.2.2010,1067983,1839,BBY,Best Buy,Consumer Discretionary,Computer & Electronics Retail,"Richfield, Minnesota",29.6.1999,764478,1966,TECH,Bio-Techne,Health Care,Life Sciences Tools & Services,"Minneapolis, Minnesota",30.8.2021,842023,1976,BIIB,Biogen,Health Care,Biotechnology,"Cambridge, Massachusetts",13.11.2003,875045,1978,BLK,BlackRock,Financials,Asset Management & Custody Banks,"New York City, New York",4.4.2011,2012383,1988,BX,Blackstone Inc.,Financials,Asset Management & Custody Banks,"New York City, New York",18.9.2023,1393818,1985,BK,BNY Mellon,Financials,Asset Management & Custody Banks,"New York City, New York",31.3.1995,1390777,1784,BA,Boeing,Industrials,Aerospace & Defense,"Arlington, Virginia",4.3.1957,12927,1916,BKNG,Booking Holdings,Consumer Discretionary,"Hotels, Resorts & Cruise Lines","Norwalk, Connecticut",6.11.2009,1075531,1996,BWA,BorgWarner,Consumer Discretionary,Automotive Parts & Equipment,"Auburn Hills, Michigan",19.12.2011,908255,1880,BSX,Boston Scientific,Health Care,Health Care Equipment,"Marlborough, Massachusetts",24.2.1995,885725,1979,BMY,Bristol Myers Squibb,Health Care,Pharmaceuticals,"New York City, New York",4.3.1957,14272,1989 (1887),AVGO,Broadcom,Information Technology,Semiconductors,"Palo Alto, California",8.5.2014,1730168,1961,BR,Broadridge Financial Solutions,Industrials,Data Processing & Outsourced Services,"Lake Success, New York",18.6.2018,1383312,1962,BRO,Brown & Brown,Financials,Insurance Brokers,"Daytona Beach, Florida",20.9.2021,79282,1939,BF.B,Brown–Forman,Consumer Staples,Distillers & Vintners,"Louisville, Kentucky",31.10.1982,14693,1870,BLDR,Builders FirstSource,Industrials,Building Products,"Irving, Texas",18.12.2023,1316835,1998,BG,Bunge Global,Consumer Staples,Agricultural Products & Services,"Chesterfield, Missouri",15.3.2023,1996862,1818,BXP,"BXP, Inc.",Real Estate,Office REITs,"Boston, Massachusetts",3.4.2006,1037540,1970,CHRW,C.H. Robinson,Industrials,Air Freight & Logistics,"Eden Prairie, Minnesota",2.3.2007,1043277,1905,CDNS,Cadence Design Systems,Information Technology,Application Software,"San Jose, California",18.9.2017,813672,1988,CZR,Caesars Entertainment,Consumer Discretionary,Casinos & Gaming,"Reno, Nevada",22.3.2021,1590895,1973,CPT,Camden Property Trust,Real Estate,Multi-Family Residential REITs,"Houston, Texas",4.4.2022,906345,1981,CPB,Campbell Soup Company,Consumer Staples,Packaged Foods & Meats,"Camden, New Jersey",4.3.1957,16732,1869,COF,Capital One,Financials,Consumer Finance,"Tysons Corner, Virginia",1.7.1998,927628,1994,CAH,Cardinal Health,Health Care,Health Care Distributors,"Dublin, Ohio",27.5.1997,721371,1971,KMX,CarMax,Consumer Discretionary,Automotive Retail,"Richmond, Virginia",28.6.2010,1170010,1993,CCL,Carnival,Consumer Discretionary,"Hotels, Resorts & Cruise Lines","Miami, Florida",22.12.1998,815097,1972,CARR,Carrier Global,Industrials,Building Products,"Palm Beach Gardens, Florida",3.4.2020,1783180,"2020 (1915, United Technologiesspinoff)",CTLT,Catalent,Health Care,Pharmaceuticals,"Somerset, New Jersey",21.9.2020,1596783,2007,CAT,Caterpillar Inc.,Industrials,Construction Machinery & Heavy Transportation Equipment,"Irving, Texas",4.3.1957,18230,1925,CBOE,Cboe Global Markets,Financials,Financial Exchanges & Data,"Chicago, Illinois",1.3.2017,1374310,1973,CBRE,CBRE Group,Real Estate,Real Estate Services,"Dallas, Texas",10.11.2006,1138118,1906,CDW,CDW,Information Technology,Technology Distributors,"Vernon Hills, Illinois",23.9.2019,1402057,1984,CE,Celanese,Materials,Specialty Chemicals,"Irving, Texas",24.12.2018,1306830,1918,COR,Cencora,Health Care,Health Care Distributors,"Conshohocken, Pennsylvania",30.8.2001,1140859,1985,CNC,Centene Corporation,Health Care,Managed Health Care,"St. Louis, Missouri",30.3.2016,1071739,1984,CNP,CenterPoint Energy,Utilities,Multi-Utilities,"Houston, Texas",31.7.1985,1130310,1882,CF,CF Industries,Materials,Fertilizers & Agricultural Chemicals,"Deerfield, Illinois",27.8.2008,1324404,1946,CRL,Charles River Laboratories,Health Care,Life Sciences Tools & Services,"Wilmington, Massachusetts",14.5.2021,1100682,1947,SCHW,Charles Schwab Corporation,Financials,Investment Banking & Brokerage,"Westlake, Texas",2.6.1997,316709,1971,CHTR,Charter Communications,Communication Services,Cable & Satellite,"Stamford, Connecticut",8.9.2016,1091667,1993,CVX,Chevron Corporation,Energy,Integrated Oil & Gas,"San Ramon, California",4.3.1957,93410,1879,CMG,Chipotle Mexican Grill,Consumer Discretionary,Restaurants,"Newport Beach, California",28.4.2011,1058090,1993,CB,Chubb Limited,Financials,Property & Casualty Insurance,"Zurich, Switzerland",15.7.2010,896159,1985,CHD,Church & Dwight,Consumer Staples,Household Products,"Ewing, New Jersey",29.12.2015,313927,1847,CI,Cigna,Health Care,Health Care Services,"Bloomfield, Connecticut",30.6.1976,1739940,1982,CINF,Cincinnati Financial,Financials,Property & Casualty Insurance,"Fairfield, Ohio",18.12.1997,20286,1950,CTAS,Cintas,Industrials,Diversified Support Services,"Mason, Ohio",1.3.2001,723254,1929,CSCO,Cisco,Information Technology,Communications Equipment,"San Jose, California",1.12.1993,858877,1984,C,Citigroup,Financials,Diversified Banks,"New York City, New York",31.5.1988,831001,1998,CFG,Citizens Financial Group,Financials,Regional Banks,"Providence, Rhode Island",29.1.2016,759944,1828,CLX,Clorox,Consumer Staples,Household Products,"Oakland, California",31.3.1969,21076,1913,CME,CME Group,Financials,Financial Exchanges & Data,"Chicago, Illinois",11.8.2006,1156375,1848,CMS,CMS Energy,Utilities,Multi-Utilities,"Jackson, Michigan",4.3.1957,811156,1886,KO,Coca-Cola Company (The),Consumer Staples,Soft Drinks & Non-alcoholic Beverages,"Atlanta, Georgia",4.3.1957,21344,1886,CTSH,Cognizant,Information Technology,IT Consulting & Other Services,"Teaneck, New Jersey",17.11.2006,1058290,1994,CL,Colgate-Palmolive,Consumer Staples,Household Products,"New York City, New York",4.3.1957,21665,1806,CMCSA,Comcast,Communication Services,Cable & Satellite,"Philadelphia, Pennsylvania",19.11.2002,1166691,1963,CAG,Conagra Brands,Consumer Staples,Packaged Foods & Meats,"Chicago, Illinois",31.8.1983,23217,1919,COP,ConocoPhillips,Energy,Oil & Gas Exploration & Production,"Houston, Texas",4.3.1957,1163165,2002,ED,Consolidated Edison,Utilities,Multi-Utilities,"New York City, New York",4.3.1957,1047862,1823,STZ,Constellation Brands,Consumer Staples,Distillers & Vintners,"Rochester, New York",1.7.2005,16918,1945,CEG,Constellation Energy,Utilities,Electric Utilities,"Baltimore, Maryland",2.2.2022,1868275,1999,COO,Cooper Companies (The),Health Care,Health Care Supplies,"San Ramon, California",23.9.2016,711404,1958,CPRT,Copart,Industrials,Diversified Support Services,"Dallas, Texas",2.7.2018,900075,1982,GLW,Corning Inc.,Information Technology,Electronic Components,"Corning, New York",27.2.1995,24741,1851,CPAY,Corpay,Financials,Transaction & Payment Processing Services,"Atlanta, Georgia",20.6.2018,1175454,2000,CTVA,Corteva,Materials,Fertilizers & Agricultural Chemicals,"Indianapolis, Indiana",3.6.2019,1755672,2019,CSGP,CoStar Group,Real Estate,Real Estate Services,"Washington, D.C.",19.9.2022,1057352,1987,COST,Costco,Consumer Staples,Consumer Staples Merchandise Retail,"Issaquah, Washington",1.10.1993,909832,1976,CTRA,Coterra,Energy,Oil & Gas Exploration & Production,"Houston, Texas",23.6.2008,858470,2021 (1989),CRWD,CrowdStrike,Information Technology,Systems Software,"Austin, Texas",24.6.2024,1535527,2011,CCI,Crown Castle,Real Estate,Telecom Tower REITs,"Houston, Texas",14.3.2012,1051470,1994,CSX,CSX Corporation,Industrials,Rail Transportation,"Jacksonville, Florida",4.3.1957,277948,1980,CMI,Cummins,Industrials,Construction Machinery & Heavy Transportation Equipment,"Columbus, Indiana",31.3.1965,26172,1919,CVS,CVS Health,Health Care,Health Care Services,"Woonsocket, Rhode Island",4.3.1957,64803,1996,DHR,Danaher Corporation,Health Care,Life Sciences Tools & Services,"Washington, D.C.",18.11.1998,313616,1969,DRI,Darden Restaurants,Consumer Discretionary,Restaurants,"Orlando, Florida",31.5.1995,940944,1938,DVA,DaVita,Health Care,Health Care Services,"Denver, Colorado",31.7.2008,927066,1979,DAY,Dayforce,Industrials,Human Resource & Employment Services,"Minneapolis, Minnesota",20.9.2021,1725057,1992,DECK,Deckers Brands,Consumer Discretionary,Footwear,"Goleta, California",18.3.2024,910521,1973,DE,Deere & Company,Industrials,Agricultural & Farm Machinery,"Moline, Illinois",4.3.1957,315189,1837,DELL,Dell Technologies,Information Technology,"Technology Hardware, Storage & Peripherals","Round Rock, Texas",23.9.2024,1571996,2016,DAL,Delta Air Lines,Industrials,Passenger Airlines,"Atlanta, Georgia",11.9.2013,27904,1929,DVN,Devon Energy,Energy,Oil & Gas Exploration & Production,"Oklahoma City, Oklahoma",30.8.2000,1090012,1971,DXCM,Dexcom,Health Care,Health Care Equipment,"San Diego, California",12.5.2020,1093557,1999,FANG,Diamondback Energy,Energy,Oil & Gas Exploration & Production,"Midland, Texas",3.12.2018,1539838,2007,DLR,Digital Realty,Real Estate,Data Center REITs,"Austin, Texas",18.5.2016,1297996,2004,DFS,Discover Financial,Financials,Consumer Finance,"Riverwoods, Illinois",2.7.2007,1393612,1985,DG,Dollar General,Consumer Staples,Consumer Staples Merchandise Retail,"Goodlettsville, Tennessee",3.12.2012,29534,1939,DLTR,Dollar Tree,Consumer Staples,Consumer Staples Merchandise Retail,"Chesapeake, Virginia",19.12.2011,935703,1986,D,Dominion Energy,Utilities,Multi-Utilities,"Richmond, Virginia",30.11.2016,715957,1983,DPZ,Domino's,Consumer Discretionary,Restaurants,"Ann Arbor, Michigan",12.5.2020,1286681,1960,DOV,Dover Corporation,Industrials,Industrial Machinery & Supplies & Components,"Downers Grove, Illinois",31.10.1985,29905,1955,DOW,Dow Inc.,Materials,Commodity Chemicals,"Midland, Michigan",1.4.2019,1751788,2019 (1897),DHI,D. R. Horton,Consumer Discretionary,Homebuilding,"Arlington, Texas",22.6.2005,882184,1978,DTE,DTE Energy,Utilities,Multi-Utilities,"Detroit, Michigan",4.3.1957,936340,1995,DUK,Duke Energy,Utilities,Electric Utilities,"Charlotte, North Carolina",30.6.1976,1326160,1904,DD,DuPont,Materials,Specialty Chemicals,"Wilmington, Delaware",2.4.2019,1666700,2017 (1802),EMN,Eastman Chemical Company,Materials,Specialty Chemicals,"Kingsport, Tennessee",1.1.1994,915389,1920,ETN,Eaton Corporation,Industrials,Electrical Components & Equipment,"Dublin, Ireland",4.3.1957,1551182,1911,EBAY,eBay,Consumer Discretionary,Broadline Retail,"San Jose, California",22.7.2002,1065088,1995,ECL,Ecolab,Materials,Specialty Chemicals,"Saint Paul, Minnesota",31.1.1989,31462,1923,EIX,Edison International,Utilities,Electric Utilities,"Rosemead, California",4.3.1957,827052,1886,EW,Edwards Lifesciences,Health Care,Health Care Equipment,"Irvine, California",1.4.2011,1099800,1958,EA,Electronic Arts,Communication Services,Interactive Home Entertainment,"Redwood City, California",22.7.2002,712515,1982,ELV,Elevance Health,Health Care,Managed Health Care,"Indianapolis, Indiana",25.7.2002,1156039,2014 (1946),EMR,Emerson Electric,Industrials,Electrical Components & Equipment,"Ferguson, Missouri",31.3.1965,32604,1890,ENPH,Enphase Energy,Information Technology,Semiconductor Materials & Equipment,"Fremont, California",7.1.2021,1463101,2006,ETR,Entergy,Utilities,Electric Utilities,"New Orleans, Louisiana",4.3.1957,65984,1913,EOG,EOG Resources,Energy,Oil & Gas Exploration & Production,"Houston, Texas",2.11.2000,821189,1999,EPAM,EPAM Systems,Information Technology,IT Consulting & Other Services,"Newtown, Pennsylvania",14.12.2021,1352010,1993,EQT,EQT Corporation,Energy,Oil & Gas Exploration & Production,"Pittsburgh, Pennsylvania",3.10.2022,33213,1888,EFX,Equifax,Industrials,Research & Consulting Services,"Atlanta, Georgia",19.6.1997,33185,1899,EQIX,Equinix,Real Estate,Data Center REITs,"Redwood City, California",20.3.2015,1101239,1998,EQR,Equity Residential,Real Estate,Multi-Family Residential REITs,"Chicago, Illinois",3.12.2001,906107,1969,ERIE,Erie Indemnity,Financials,Insurance Brokers,"Erie, Pennsylvania",23.9.2024,922621,1925,ESS,Essex Property Trust,Real Estate,Multi-Family Residential REITs,"San Mateo, California",2.4.2014,920522,1971,EL,Estée Lauder Companies (The),Consumer Staples,Personal Care Products,"New York City, New York",5.1.2006,1001250,1946,EG,Everest Group,Financials,Reinsurance,"Hamilton, Bermuda",19.6.2017,1095073,1973,EVRG,Evergy,Utilities,Electric Utilities,"Kansas City, Missouri",5.6.2018,1711269,1909,ES,Eversource Energy,Utilities,Electric Utilities,"Hartford, Connecticut",24.7.2009,72741,1966,EXC,Exelon,Utilities,Electric Utilities,"Chicago, Illinois",4.3.1957,1109357,2000,EXPE,Expedia Group,Consumer Discretionary,"Hotels, Resorts & Cruise Lines","Seattle, Washington",2.10.2007,1324424,1996,EXPD,Expeditors International,Industrials,Air Freight & Logistics,"Seattle, Washington",10.10.2007,746515,1979,EXR,Extra Space Storage,Real Estate,Self-Storage REITs,"Salt Lake City, Utah",19.1.2016,1289490,1977,XOM,ExxonMobil,Energy,Integrated Oil & Gas,"Irving, Texas",4.3.1957,34088,1999,FFIV,"F5, Inc.",Information Technology,Communications Equipment,"Seattle, Washington",20.12.2010,1048695,1996,FDS,FactSet,Financials,Financial Exchanges & Data,"Norwalk, Connecticut",20.12.2021,1013237,1978,FICO,Fair Isaac,Information Technology,Application Software,"Bozeman, Montana",20.3.2023,814547,1956,FAST,Fastenal,Industrials,Trading Companies & Distributors,"Winona, Minnesota",15.9.2008,815556,1967,FRT,Federal Realty Investment Trust,Real Estate,Retail REITs,"Rockville, Maryland",1.2.2016,34903,1962,FDX,FedEx,Industrials,Air Freight & Logistics,"Memphis, Tennessee",31.12.1980,1048911,1971,FIS,Fidelity National Information Services,Financials,Transaction & Payment Processing Services,"Jacksonville, Florida",10.11.2006,1136893,1968,FITB,Fifth Third Bancorp,Financials,Regional Banks,"Cincinnati, Ohio",29.3.1996,35527,1858,FSLR,First Solar,Information Technology,Semiconductors,"Tempe, Arizona",19.12.2022,1274494,1999,FE,FirstEnergy,Utilities,Electric Utilities,"Akron, Ohio",28.11.1997,1031296,1997,FI,Fiserv,Financials,Transaction & Payment Processing Services,"Brookfield, Wisconsin",2.4.2001,798354,1984,FMC,FMC Corporation,Materials,Fertilizers & Agricultural Chemicals,"Philadelphia, Pennsylvania",19.8.2009,37785,1883,F,Ford Motor Company,Consumer Discretionary,Automobile Manufacturers,"Dearborn, Michigan",4.3.1957,37996,1903,FTNT,Fortinet,Information Technology,Systems Software,"Sunnyvale, California",11.10.2018,1262039,2000,FTV,Fortive,Industrials,Industrial Machinery & Supplies & Components,"Everett, Washington",1.7.2016,1659166,2016,FOXA,Fox Corporation(Class A),Communication Services,Broadcasting,"New York City, New York",4.3.2019,1754301,2019,FOX,Fox Corporation(Class B),Communication Services,Broadcasting,"New York City, New York",4.3.2019,1754301,2019,BEN,Franklin Resources,Financials,Asset Management & Custody Banks,"San Mateo, California",30.4.1998,38777,1947,FCX,Freeport-McMoRan,Materials,Copper,"Phoenix, Arizona",1.7.2011,831259,1912,GRMN,Garmin,Consumer Discretionary,Consumer Electronics,"Schaffhausen, Switzerland",12.12.2012,1121788,1989,IT,Gartner,Information Technology,IT Consulting & Other Services,"Stamford, Connecticut",5.4.2017,749251,1979,GE,GE Aerospace,Industrials,Aerospace & Defense,"Evendale, Ohio",4.3.1957,40545,1892,GEHC,GE HealthCare,Health Care,Health Care Equipment,"Chicago, Illinois",4.1.2023,1932393,1994,GEV,GE Vernova,Industrials,Heavy Electrical Equipment,"Cambridge, Massachusetts",2.4.2024,1996810,2024,GEN,Gen Digital,Information Technology,Systems Software,"Tempe, Arizona",25.3.2003,849399,1982,GNRC,Generac,Industrials,Electrical Components & Equipment,"Waukesha, Wisconsin",22.3.2021,1474735,1959,GD,General Dynamics,Industrials,Aerospace & Defense,"Falls Church, Virginia",4.3.1957,40533,1899,GIS,General Mills,Consumer Staples,Packaged Foods & Meats,"Golden Valley, Minnesota",4.3.1957,40704,1856,GM,General Motors,Consumer Discretionary,Automobile Manufacturers,"Detroit, Michigan",6.6.2013,1467858,1908,GPC,Genuine Parts Company,Consumer Discretionary,Distributors,"Atlanta, Georgia",31.12.1973,40987,1925,GILD,Gilead Sciences,Health Care,Biotechnology,"Foster City, California",1.7.2004,882095,1987,GPN,Global Payments,Financials,Transaction & Payment Processing Services,"Atlanta, Georgia",25.4.2016,1123360,2000,GL,Globe Life,Financials,Life & Health Insurance,"McKinney, Texas",30.4.1989,320335,1900,GDDY,GoDaddy,Information Technology,Internet Services & Infrastructure,"Tempe, Arizona",24.6.2024,1609711,1997,GS,Goldman Sachs,Financials,Investment Banking & Brokerage,"New York City, New York",22.7.2002,886982,1869,HAL,Halliburton,Energy,Oil & Gas Equipment & Services,"Houston, Texas",4.3.1957,45012,1919,HIG,Hartford (The),Financials,Property & Casualty Insurance,"Hartford, Connecticut",4.3.1957,874766,1810,HAS,Hasbro,Consumer Discretionary,Leisure Products,"Pawtucket, Rhode Island",30.9.1984,46080,1923,HCA,HCA Healthcare,Health Care,Health Care Facilities,"Nashville, Tennessee",27.1.2015,860730,1968,DOC,Healthpeak Properties,Real Estate,Health Care REITs,"Denver, Colorado",31.3.2008,765880,1985,HSIC,Henry Schein,Health Care,Health Care Distributors,"Melville, New York",17.3.2015,1000228,1932,HSY,Hershey Company (The),Consumer Staples,Packaged Foods & Meats,"Hershey, Pennsylvania",4.3.1957,47111,1894,HES,Hess Corporation,Energy,Integrated Oil & Gas,"New York City, New York",31.5.1984,4447,1919,HPE,Hewlett Packard Enterprise,Information Technology,"Technology Hardware, Storage & Peripherals","Houston, Texas",2.11.2015,1645590,2015,HLT,Hilton Worldwide,Consumer Discretionary,"Hotels, Resorts & Cruise Lines","Tysons Corner, Virginia",19.6.2017,1585689,1919,HOLX,Hologic,Health Care,Health Care Equipment,"Marlborough, Massachusetts",30.3.2016,859737,1985,HD,Home Depot (The),Consumer Discretionary,Home Improvement Retail,"Atlanta, Georgia",31.3.1988,354950,1978,HON,Honeywell,Industrials,Industrial Conglomerates,"Charlotte, North Carolina",4.3.1957,773840,1906,HRL,Hormel Foods,Consumer Staples,Packaged Foods & Meats,"Austin, Minnesota",4.3.2009,48465,1891,HST,Host Hotels & Resorts,Real Estate,Hotel & Resort REITs,"Bethesda, Maryland",20.3.2007,1070750,1993,HWM,Howmet Aerospace,Industrials,Aerospace & Defense,"Pittsburgh, Pennsylvania",21.10.2016,4281,1888,HPQ,HP Inc.,Information Technology,"Technology Hardware, Storage & Peripherals","Palo Alto, California",31.12.1974,47217,1939 (2015),HUBB,Hubbell Incorporated,Industrials,Industrial Machinery & Supplies & Components,"Shelton, Connecticut",18.10.2023,48898,1888,HUM,Humana,Health Care,Managed Health Care,"Louisville, Kentucky",10.12.2012,49071,1961,HBAN,Huntington Bancshares,Financials,Regional Banks,"Columbus, Ohio; Detroit, Michigan",28.8.1997,49196,1866,HII,Huntington Ingalls Industries,Industrials,Aerospace & Defense,"Newport News, Virginia",3.1.2018,1501585,2011,IBM,IBM,Information Technology,IT Consulting & Other Services,"Armonk, New York",4.3.1957,51143,1911,IEX,IDEX Corporation,Industrials,Industrial Machinery & Supplies & Components,"Lake Forest, Illinois",9.8.2019,832101,1988,IDXX,Idexx Laboratories,Health Care,Health Care Equipment,"Westbrook, Maine",5.1.2017,874716,1983,ITW,Illinois Tool Works,Industrials,Industrial Machinery & Supplies & Components,"Glenview, Illinois",28.2.1986,49826,1912,INCY,Incyte,Health Care,Biotechnology,"Wilmington, Delaware",28.2.2017,879169,1991,IR,Ingersoll Rand,Industrials,Industrial Machinery & Supplies & Components,"Davidson, North Carolina",3.3.2020,1699150,1859,PODD,Insulet Corporation,Health Care,Health Care Equipment,"Acton, Massachusetts",15.3.2023,1145197,2000,INTC,Intel,Information Technology,Semiconductors,"Santa Clara, California",31.12.1976,50863,1968,ICE,Intercontinental Exchange,Financials,Financial Exchanges & Data,"Atlanta, Georgia",26.9.2007,1571949,2000,IFF,International Flavors & Fragrances,Materials,Specialty Chemicals,"New York City, New York",31.3.1976,51253,1958 (1889),IP,International Paper,Materials,Paper & Plastic Packaging Products & Materials,"Memphis, Tennessee",4.3.1957,51434,1898,IPG,Interpublic Group of Companies (The),Communication Services,Advertising,"New York City, New York",1.10.1992,51644,1961 (1930),INTU,Intuit,Information Technology,Application Software,"Mountain View, California",5.12.2000,896878,1983,ISRG,Intuitive Surgical,Health Care,Health Care Equipment,"Sunnyvale, California",2.6.2008,1035267,1995,IVZ,Invesco,Financials,Asset Management & Custody Banks,"Atlanta, Georgia",21.8.2008,914208,1935,INVH,Invitation Homes,Real Estate,Single-Family Residential REITs,"Dallas, Texas",19.9.2022,1687229,2012,IQV,IQVIA,Health Care,Life Sciences Tools & Services,"Durham, North Carolina",29.8.2017,1478242,1982,IRM,Iron Mountain,Real Estate,Other Specialized REITs,"Boston, Massachusetts",6.1.2009,1020569,1951,JBHT,J.B. Hunt,Industrials,Cargo Ground Transportation,"Lowell, Arkansas",1.7.2015,728535,1961,JBL,Jabil,Information Technology,Electronic Manufacturing Services,"St. Petersburg, Florida",18.12.2023,898293,1966,JKHY,Jack Henry & Associates,Financials,Transaction & Payment Processing Services,"Monett, Missouri",13.11.2018,779152,1976,J,Jacobs Solutions,Industrials,Construction & Engineering,"Dallas, Texas",26.10.2007,52988,1947,JNJ,Johnson & Johnson,Health Care,Pharmaceuticals,"New Brunswick, New Jersey",30.6.1973,200406,1886,JCI,Johnson Controls,Industrials,Building Products,"Cork, Ireland",27.8.2010,833444,1885,JPM,JPMorgan Chase,Financials,Diversified Banks,"New York City, New York",30.6.1975,19617,2000 (1799 / 1871),JNPR,Juniper Networks,Information Technology,Communications Equipment,"Sunnyvale, California",2.6.2006,1043604,1996,K,Kellanova,Consumer Staples,Packaged Foods & Meats,"Chicago, Illinois",11.9.1989,55067,1906,KVUE,Kenvue,Consumer Staples,Personal Care Products,"Skillman, New Jersey",25.8.2023,1944048,2022 (Johnson & Johnsonspinoff),KDP,Keurig Dr Pepper,Consumer Staples,Soft Drinks & Non-alcoholic Beverages,"Burlington, Massachusetts",21.6.2022,1418135,1981,KEY,KeyCorp,Financials,Regional Banks,"Cleveland, Ohio",1.3.1994,91576,1825,KEYS,Keysight Technologies,Information Technology,Electronic Equipment & Instruments,"Santa Rosa, California",6.11.2018,1601046,2014 (1939),KMB,Kimberly-Clark,Consumer Staples,Household Products,"Irving, Texas",4.3.1957,55785,1872,KIM,Kimco Realty,Real Estate,Retail REITs,"Jericho, New York",4.4.2006,879101,1958,KMI,Kinder Morgan,Energy,Oil & Gas Storage & Transportation,"Houston, Texas",25.5.2012,1506307,1997,KKR,KKR,Financials,Asset Management & Custody Banks,"New York City, New York",24.6.2024,1404912,1976,KLAC,KLA Corporation,Information Technology,Semiconductor Materials & Equipment,"Milpitas, California",30.9.1997,319201,1975/1977 (1997),KHC,Kraft Heinz,Consumer Staples,Packaged Foods & Meats,"Chicago, Illinois; Pittsburgh, Pennsylvania",6.7.2015,1637459,2015 (1869),KR,Kroger,Consumer Staples,Food Retail,"Cincinnati, Ohio",4.3.1957,56873,1883,LHX,L3Harris,Industrials,Aerospace & Defense,"Melbourne, Florida",22.9.2008,202058,"2019 (L3 1997, Harris 1895)",LH,LabCorp,Health Care,Health Care Services,"Burlington, North Carolina",1.11.2004,920148,1978,LRCX,Lam Research,Information Technology,Semiconductor Materials & Equipment,"Fremont, California",29.6.2012,707549,1980,LW,Lamb Weston,Consumer Staples,Packaged Foods & Meats,"Eagle, Idaho",3.12.2018,1679273,2016 (1950),LVS,Las Vegas Sands,Consumer Discretionary,Casinos & Gaming,"Las Vegas, Nevada",3.10.2019,1300514,1988,LDOS,Leidos,Industrials,Diversified Support Services,"Reston, Virginia",9.8.2019,1336920,1969,LEN,Lennar,Consumer Discretionary,Homebuilding,"Miami, Florida",4.10.2005,920760,1954,LLY,Lilly (Eli),Health Care,Pharmaceuticals,"Indianapolis, Indiana",31.12.1970,59478,1876,LIN,Linde plc,Materials,Industrial Gases,"Guildford, United Kingdom",1.7.1992,1707925,1879,LYV,Live Nation Entertainment,Communication Services,Movies & Entertainment,"Beverly Hills, California",23.12.2019,1335258,2010,LKQ,LKQ Corporation,Consumer Discretionary,Distributors,"Chicago, Illinois",23.5.2016,1065696,1998,LMT,Lockheed Martin,Industrials,Aerospace & Defense,"Bethesda, Maryland",4.3.1957,936468,1995,L,Loews Corporation,Financials,Multi-line Insurance,"New York City, New York",31.5.1995,60086,1959,LOW,Lowe's,Consumer Discretionary,Home Improvement Retail,"Mooresville, North Carolina",29.2.1984,60667,1904/1946/1959,LULU,Lululemon Athletica,Consumer Discretionary,"Apparel, Accessories & Luxury Goods","Vancouver, Canada",18.10.2023,1397187,1998,LYB,LyondellBasell,Materials,Specialty Chemicals,"Rotterdam, Netherlands",5.9.2012,1489393,2007,MTB,M&T Bank,Financials,Regional Banks,"Buffalo, New York",23.2.2004,36270,1856,MRO,Marathon Oil,Energy,Oil & Gas Exploration & Production,"Houston, Texas",4.3.1957,101778,1887,MPC,Marathon Petroleum,Energy,Oil & Gas Refining & Marketing,"Findlay, Ohio",1.7.2011,1510295,2009 (1887),MKTX,MarketAxess,Financials,Financial Exchanges & Data,"New York City, New York",1.7.2019,1278021,2000,MAR,Marriott International,Consumer Discretionary,"Hotels, Resorts & Cruise Lines","Bethesda, Maryland",29.5.1998,1048286,1927,MMC,Marsh McLennan,Financials,Insurance Brokers,"New York City, New York",31.8.1987,62709,1905,MLM,Martin Marietta Materials,Materials,Construction Materials,"Raleigh, North Carolina",2.7.2014,916076,1993,MAS,Masco,Industrials,Building Products,"Livonia, Michigan",30.6.1981,62996,1929,MA,Mastercard,Financials,Transaction & Payment Processing Services,"Harrison, New York",18.7.2008,1141391,1966,MTCH,Match Group,Communication Services,Interactive Media & Services,"Dallas, Texas",20.9.2021,891103,1986,MKC,McCormick & Company,Consumer Staples,Packaged Foods & Meats,"Hunt Valley, Maryland",20.3.2003,63754,1889,MCD,McDonald's,Consumer Discretionary,Restaurants,"Chicago, Illinois",30.6.1970,63908,1940,MCK,McKesson Corporation,Health Care,Health Care Distributors,"Irving, Texas",13.1.1999,927653,1833,MDT,Medtronic,Health Care,Health Care Equipment,"Dublin, Ireland",31.10.1986,1613103,1949,MRK,Merck & Co.,Health Care,Pharmaceuticals,"Kenilworth, New Jersey",4.3.1957,310158,1891,META,Meta Platforms,Communication Services,Interactive Media & Services,"Menlo Park, California",23.12.2013,1326801,2004,MET,MetLife,Financials,Life & Health Insurance,"New York City, New York",11.12.2000,1099219,1868,MTD,Mettler Toledo,Health Care,Life Sciences Tools & Services,"Columbus, Ohio",6.9.2016,1037646,1945,MGM,MGM Resorts,Consumer Discretionary,Casinos & Gaming,"Paradise, Nevada",26.7.2017,789570,1986,MCHP,Microchip Technology,Information Technology,Semiconductors,"Chandler, Arizona",7.9.2007,827054,1989,MU,Micron Technology,Information Technology,Semiconductors,"Boise, Idaho",27.9.1994,723125,1978,MSFT,Microsoft,Information Technology,Systems Software,"Redmond, Washington",1.6.1994,789019,1975,MAA,Mid-America Apartment Communities,Real Estate,Multi-Family Residential REITs,"Memphis, Tennessee",2.12.2016,912595,1977,MRNA,Moderna,Health Care,Biotechnology,"Cambridge, Massachusetts",21.7.2021,1682852,2010,MHK,Mohawk Industries,Consumer Discretionary,Home Furnishings,"Calhoun, Georgia",23.12.2013,851968,1878,MOH,Molina Healthcare,Health Care,Managed Health Care,"Long Beach, California",2.3.2022,1179929,1980,TAP,Molson Coors Beverage Company,Consumer Staples,Brewers,"Chicago, Illinois",30.6.1976,24545,"2005 (Molson 1786, Coors 1873)",MDLZ,Mondelez International,Consumer Staples,Packaged Foods & Meats,"Chicago, Illinois",2.10.2012,1103982,2012,MPWR,Monolithic Power Systems,Information Technology,Semiconductors,"Kirkland, Washington",12.2.2021,1280452,1997,MNST,Monster Beverage,Consumer Staples,Soft Drinks & Non-alcoholic Beverages,"Corona, California",28.6.2012,865752,2012 (1935),MCO,Moody's Corporation,Financials,Financial Exchanges & Data,"New York City, New York",1.7.1998,1059556,1909,MS,Morgan Stanley,Financials,Investment Banking & Brokerage,"New York City, New York",29.7.1993,895421,1935,MOS,Mosaic Company (The),Materials,Fertilizers & Agricultural Chemicals,"Tampa, Florida",26.9.2011,1285785,2004 (1865 / 1909),MSI,Motorola Solutions,Information Technology,Communications Equipment,"Chicago, Illinois",4.3.1957,68505,1928 (2011),MSCI,MSCI,Financials,Financial Exchanges & Data,"New York City, New York",4.4.2018,1408198,1969,NDAQ,"Nasdaq, Inc.",Financials,Financial Exchanges & Data,"New York City, New York",22.10.2008,1120193,1971,NTAP,NetApp,Information Technology,"Technology Hardware, Storage & Peripherals","San Jose, California",25.6.1999,1002047,1992,NFLX,Netflix,Communication Services,Movies & Entertainment,"Los Gatos, California",20.12.2010,1065280,1997,NEM,Newmont,Materials,Gold,"Denver, Colorado",30.6.1969,1164727,1921,NWSA,News Corp(Class A),Communication Services,Publishing,"New York City, New York",1.8.2013,1564708,2013 (News Corporation1980),NWS,News Corp(Class B),Communication Services,Publishing,"New York City, New York",18.9.2015,1564708,2013 (News Corporation1980),NEE,NextEra Energy,Utilities,Multi-Utilities,"Juno Beach, Florida",30.6.1976,753308,1984 (1925),NKE,"Nike, Inc.",Consumer Discretionary,"Apparel, Accessories & Luxury Goods","Washington County, Oregon",30.11.1988,320187,1964,NI,NiSource,Utilities,Multi-Utilities,"Merrillville, Indiana",2.11.2000,1111711,1912,NDSN,Nordson Corporation,Industrials,Industrial Machinery & Supplies & Components,"Westlake, Ohio",15.2.2022,72331,1935,NSC,Norfolk Southern Railway,Industrials,Rail Transportation,"Atlanta, Georgia",4.3.1957,702165,1881/1894 (1980),NTRS,Northern Trust,Financials,Asset Management & Custody Banks,"Chicago, Illinois",30.1.1998,73124,1889,NOC,Northrop Grumman,Industrials,Aerospace & Defense,"West Falls Church, Virginia",4.3.1957,1133421,"1994 (Northrop 1939, Grumman 1930)",NCLH,Norwegian Cruise Line Holdings,Consumer Discretionary,"Hotels, Resorts & Cruise Lines","Miami, Florida",13.10.2017,1513761,2011 (1966),NRG,NRG Energy,Utilities,Independent Power Producers & Energy Traders,"Houston, Texas",29.1.2010,1013871,1992,NUE,Nucor,Materials,Steel,"Charlotte, North Carolina",30.4.1985,73309,1940,NVDA,Nvidia,Information Technology,Semiconductors,"Santa Clara, California",30.11.2001,1045810,1993,NVR,"NVR, Inc.",Consumer Discretionary,Homebuilding,"Reston, Virginia",26.9.2019,906163,1980,NXPI,NXP Semiconductors,Information Technology,Semiconductors,"Eindhoven, Netherlands",22.3.2021,1413447,1953,ORLY,O'Reilly Auto Parts,Consumer Discretionary,Automotive Retail,"Springfield, Missouri",27.3.2009,898173,1957,OXY,Occidental Petroleum,Energy,Oil & Gas Exploration & Production,"Houston, Texas",4.3.1957,797468,1920,ODFL,Old Dominion,Industrials,Cargo Ground Transportation,"Thomasville, North Carolina",9.12.2019,878927,1934,OMC,Omnicom Group,Communication Services,Advertising,"New York City, New York",31.12.1997,29989,1986,ON,ON Semiconductor,Information Technology,Semiconductors,"Phoenix, Arizona",21.6.2022,1097864,1999,OKE,ONEOK,Energy,Oil & Gas Storage & Transportation,"Tulsa, Oklahoma",15.3.2010,1039684,1906,ORCL,Oracle Corporation,Information Technology,Application Software,"Austin, Texas",31.8.1989,1341439,1977,OTIS,Otis Worldwide,Industrials,Industrial Machinery & Supplies & Components,"Farmington, Connecticut",3.4.2020,1781335,"2020 (1853, United Technologiesspinoff)",PCAR,Paccar,Industrials,Construction Machinery & Heavy Transportation Equipment,"Bellevue, Washington",31.12.1980,75362,1905,PKG,Packaging Corporation of America,Materials,Paper & Plastic Packaging Products & Materials,"Lake Forest, Illinois",26.7.2017,75677,1959,PLTR,Palantir Technologies,Information Technology,Internet Services & Infrastructure,"Denver, Colorado",23.9.2024,1321655,2003,PANW,Palo Alto Networks,Information Technology,Systems Software,"Santa Clara, California",20.6.2023,1327567,2005,PARA,Paramount Global,Communication Services,Movies & Entertainment,"New York City, New York",30.9.1994,813828,2019 (Paramount Pictures 1912®,PH,Parker Hannifin,Industrials,Industrial Machinery & Supplies & Components,"Cleveland, Ohio",30.11.1985,76334,1917,PAYX,Paychex,Industrials,Human Resource & Employment Services,"Penfield, New York",1.10.1998,723531,1971,PAYC,Paycom,Industrials,Human Resource & Employment Services,"Oklahoma City, Oklahoma",28.1.2020,1590955,1998,PYPL,PayPal,Financials,Transaction & Payment Processing Services,"San Jose, California",20.7.2015,1633917,1998,PNR,Pentair,Industrials,Industrial Machinery & Supplies & Components,"Worsley, United Kingdom",1.10.2012,77360,1966,PEP,PepsiCo,Consumer Staples,Soft Drinks & Non-alcoholic Beverages,"Purchase, New York",4.3.1957,77476,1898,PFE,Pfizer,Health Care,Pharmaceuticals,"New York City, New York",4.3.1957,78003,1849,PCG,PG&E Corporation,Utilities,Multi-Utilities,"Oakland, California",3.10.2022,1004980,1905,PM,Philip Morris International,Consumer Staples,Tobacco,"New York City, New York",31.3.2008,1413329,2008 (1847),PSX,Phillips 66,Energy,Oil & Gas Refining & Marketing,"Houston, Texas",1.5.2012,1534701,2012 (1917),PNW,Pinnacle West,Utilities,Multi-Utilities,"Phoenix, Arizona",4.10.1999,764622,1985,PNC,PNC Financial Services,Financials,Diversified Banks,"Pittsburgh, Pennsylvania",30.4.1988,713676,1845,POOL,Pool Corporation,Consumer Discretionary,Distributors,"Covington, Louisiana",7.10.2020,945841,1993,PPG,PPG Industries,Materials,Specialty Chemicals,"Pittsburgh, Pennsylvania",4.3.1957,79879,1883,PPL,PPL Corporation,Utilities,Electric Utilities,"Allentown, Pennsylvania",1.10.2001,922224,1920,PFG,Principal Financial Group,Financials,Life & Health Insurance,"Des Moines, Iowa",22.7.2002,1126328,1879,PG,Procter & Gamble,Consumer Staples,Personal Care Products,"Cincinnati, Ohio",4.3.1957,80424,1837,PGR,Progressive Corporation,Financials,Property & Casualty Insurance,"Mayfield Village, Ohio",4.8.1997,80661,1937,PLD,Prologis,Real Estate,Industrial REITs,"San Francisco, California",17.7.2003,1045609,1983,PRU,Prudential Financial,Financials,Life & Health Insurance,"Newark, New Jersey",22.7.2002,1137774,1875,PEG,Public Service Enterprise Group,Utilities,Electric Utilities,"Newark, New Jersey",4.3.1957,788784,1903,PTC,PTC Inc.,Information Technology,Application Software,"Boston, Massachusetts",20.4.2021,857005,1985,PSA,Public Storage,Real Estate,Self-Storage REITs,"Glendale, California",19.8.2005,1393311,1972,PHM,PulteGroup,Consumer Discretionary,Homebuilding,"Atlanta, Georgia",30.4.1984,822416,1956,QRVO,Qorvo,Information Technology,Semiconductors,"Greensboro, North Carolina",11.6.2015,1604778,2015,PWR,Quanta Services,Industrials,Construction & Engineering,"Houston, Texas",1.7.2009,1050915,1997,QCOM,Qualcomm,Information Technology,Semiconductors,"San Diego, California",22.7.1999,804328,1985,DGX,Quest Diagnostics,Health Care,Health Care Services,"Secaucus, New Jersey",12.12.2002,1022079,1967,RL,Ralph Lauren Corporation,Consumer Discretionary,"Apparel, Accessories & Luxury Goods","New York City, New York",2.2.2007,1037038,1967,RJF,Raymond James Financial,Financials,Investment Banking & Brokerage,"St. Petersburg, Florida",20.3.2017,720005,1962,RTX,RTX Corporation,Industrials,Aerospace & Defense,"Waltham, Massachusetts",4.3.1957,101829,1922,O,Realty Income,Real Estate,Retail REITs,"San Diego, California",7.4.2015,726728,1969,REG,Regency Centers,Real Estate,Retail REITs,"Jacksonville, Florida",2.3.2017,910606,1963,REGN,Regeneron Pharmaceuticals,Health Care,Biotechnology,"Tarrytown, New York",1.5.2013,872589,1988,RF,Regions Financial Corporation,Financials,Regional Banks,"Birmingham, Alabama",28.8.1998,1281761,1971,RSG,Republic Services,Industrials,Environmental & Facilities Services,"Phoenix, Arizona",5.12.2008,1060391,1998 (1981),RMD,ResMed,Health Care,Health Care Equipment,"San Diego, California",26.7.2017,943819,1989,RVTY,Revvity,Health Care,Health Care Equipment,"Waltham, Massachusetts",31.5.1985,31791,1937,ROK,Rockwell Automation,Industrials,Electrical Components & Equipment,"Milwaukee, Wisconsin",12.3.2000,1024478,1903,ROL,"Rollins, Inc.",Industrials,Environmental & Facilities Services,"Atlanta, Georgia",1.10.2018,84839,1948,ROP,Roper Technologies,Information Technology,Electronic Equipment & Instruments,"Sarasota, Florida",23.12.2009,882835,1981,ROST,Ross Stores,Consumer Discretionary,Apparel Retail,"Dublin, California",21.12.2009,745732,1982,RCL,Royal Caribbean Group,Consumer Discretionary,"Hotels, Resorts & Cruise Lines","Miami, Florida",5.12.2014,884887,1997,SPGI,S&P Global,Financials,Financial Exchanges & Data,"New York City, New York",4.3.1957,64040,1917,CRM,Salesforce,Information Technology,Application Software,"San Francisco, California",15.9.2008,1108524,1999,SBAC,SBA Communications,Real Estate,Telecom Tower REITs,"Boca Raton, Florida",1.9.2017,1034054,1989,SLB,Schlumberger,Energy,Oil & Gas Equipment & Services,"Houston, Texas",4.3.1957,87347,1926,STX,Seagate Technology,Information Technology,"Technology Hardware, Storage & Peripherals","Dublin, Ireland",2.7.2012,1137789,1979,SRE,Sempra,Utilities,Multi-Utilities,"San Diego, California",17.3.2017,1032208,1998,NOW,ServiceNow,Information Technology,Systems Software,"Santa Clara, California",21.11.2019,1373715,2003,SHW,Sherwin-Williams,Materials,Specialty Chemicals,"Cleveland, Ohio",30.6.1964,89800,1866,SPG,Simon Property Group,Real Estate,Retail REITs,"Indianapolis, Indiana",26.6.2002,1063761,2003,SWKS,Skyworks Solutions,Information Technology,Semiconductors,"Irvine, California",12.3.2015,4127,2002,SJM,J.M. Smucker Company (The),Consumer Staples,Packaged Foods & Meats,"Orrville, Ohio",6.11.2008,91419,1897,SW,Smurfit WestRock,Materials,Paper & Plastic Packaging Products & Materials,"Dublin, Ireland",8.7.2024,2005951,1934,SNA,Snap-on,Industrials,Industrial Machinery & Supplies & Components,"Kenosha, Wisconsin",30.9.1982,91440,1920,SOLV,Solventum,Health Care,Health Care Technology,"Saint Paul, Minnesota",1.4.2024,1964738,2023,SO,Southern Company,Utilities,Electric Utilities,"Atlanta, Georgia",4.3.1957,92122,1945,LUV,Southwest Airlines,Industrials,Passenger Airlines,"Dallas, Texas",1.7.1994,92380,1967,SWK,Stanley Black & Decker,Industrials,Industrial Machinery & Supplies & Components,"New Britain, Connecticut",30.9.1982,93556,1843,SBUX,Starbucks,Consumer Discretionary,Restaurants,"Seattle, Washington",7.6.2000,829224,1971,STT,State Street Corporation,Financials,Asset Management & Custody Banks,"Boston, Massachusetts",14.3.2003,93751,1792,STLD,Steel Dynamics,Materials,Steel,"Fort Wayne, Indiana",22.12.2022,1022671,1993,STE,Steris,Health Care,Health Care Equipment,"Dublin, Ireland",23.12.2019,1757898,1985,SYK,Stryker Corporation,Health Care,Health Care Equipment,"Kalamazoo, Michigan",12.12.2000,310764,1941,SMCI,Supermicro,Information Technology,"Technology Hardware, Storage & Peripherals","San Jose, California",18.3.2024,1375365,1993,SYF,Synchrony Financial,Financials,Consumer Finance,"Stamford, Connecticut",18.11.2015,1601712,2003,SNPS,Synopsys,Information Technology,Application Software,"Sunnyvale, California",16.3.2017,883241,1986,SYY,Sysco,Consumer Staples,Food Distributors,"Houston, Texas",31.12.1986,96021,1969,TMUS,T-Mobile US,Communication Services,Wireless Telecommunication Services,"Bellevue, Washington",15.7.2019,1283699,1994,TROW,T. Rowe Price,Financials,Asset Management & Custody Banks,"Baltimore, Maryland",29.7.2019,1113169,1937,TTWO,Take-Two Interactive,Communication Services,Interactive Home Entertainment,"New York City, New York",19.3.2018,946581,1993,TPR,"Tapestry, Inc.",Consumer Discretionary,"Apparel, Accessories & Luxury Goods","New York City, New York",1.9.2004,1116132,2017,TRGP,Targa Resources,Energy,Oil & Gas Storage & Transportation,"Houston, Texas",12.10.2022,1389170,2005,TGT,Target Corporation,Consumer Staples,Consumer Staples Merchandise Retail,"Minneapolis, Minnesota",31.12.1976,27419,1902,TEL,TE Connectivity,Information Technology,Electronic Manufacturing Services,"Galway, Ireland",17.10.2011,1385157,2007,TDY,Teledyne Technologies,Information Technology,Electronic Equipment & Instruments,"Thousand Oaks, California",22.6.2020,1094285,1960,TFX,Teleflex,Health Care,Health Care Equipment,"Wayne, Pennsylvania",18.1.2019,96943,1943,TER,Teradyne,Information Technology,Semiconductor Materials & Equipment,"North Reading, Massachusetts",21.9.2020,97210,1960,TSLA,"Tesla, Inc.",Consumer Discretionary,Automobile Manufacturers,"Austin, Texas",21.12.2020,1318605,2003,TXN,Texas Instruments,Information Technology,Semiconductors,"Dallas, Texas",12.3.2001,97476,1930,TXT,Textron,Industrials,Aerospace & Defense,"Providence, Rhode Island",31.12.1978,217346,1923,TMO,Thermo Fisher Scientific,Health Care,Life Sciences Tools & Services,"Waltham, Massachusetts",3.8.2004,97745,2006 (1902),TJX,TJX Companies,Consumer Discretionary,Apparel Retail,"Framingham, Massachusetts",30.9.1985,109198,1987,TSCO,Tractor Supply,Consumer Discretionary,Other Specialty Retail,"Brentwood, Tennessee",24.1.2014,916365,1938,TT,Trane Technologies,Industrials,Building Products,"Dublin, Ireland",17.11.2010,1466258,1871,TDG,TransDigm Group,Industrials,Aerospace & Defense,"Cleveland, Ohio",3.6.2016,1260221,1993,TRV,Travelers Companies (The),Financials,Property & Casualty Insurance,"New York City, New York",21.8.2002,86312,1853,TRMB,Trimble Inc.,Information Technology,Electronic Equipment & Instruments,"Westminster, Colorado",21.1.2021,864749,1978,TFC,Truist Financial,Financials,Diversified Banks,"Charlotte, North Carolina",4.12.1997,92230,1872,TYL,Tyler Technologies,Information Technology,Application Software,"Plano, Texas",22.6.2020,860731,1966,TSN,Tyson Foods,Consumer Staples,Packaged Foods & Meats,"Springdale, Arkansas",10.8.2005,100493,1935,USB,U.S. Bancorp,Financials,Diversified Banks,"Minneapolis, Minnesota",1.11.1999,36104,1968,UBER,Uber,Industrials,Passenger Ground Transportation,"San Francisco, California",18.12.2023,1543151,2009,UDR,"UDR, Inc.",Real Estate,Multi-Family Residential REITs,"Highlands Ranch, Colorado",7.3.2016,74208,1972,ULTA,Ulta Beauty,Consumer Discretionary,Other Specialty Retail,"Bolingbrook, Illinois",18.4.2016,1403568,1990,UNP,Union Pacific Corporation,Industrials,Rail Transportation,"Omaha, Nebraska",4.3.1957,100885,1862,UAL,United Airlines Holdings,Industrials,Passenger Airlines,"Chicago, Illinois",3.9.2015,100517,1967,UPS,United Parcel Service,Industrials,Air Freight & Logistics,"Sandy Springs, Georgia",22.7.2002,1090727,1907,URI,United Rentals,Industrials,Trading Companies & Distributors,"Stamford, Connecticut",20.9.2014,1067701,1997,UNH,UnitedHealth Group,Health Care,Managed Health Care,"Minnetonka, Minnesota",1.7.1994,731766,1977,UHS,Universal Health Services,Health Care,Health Care Facilities,"King of Prussia, Pennsylvania",20.9.2014,352915,1979,VLO,Valero Energy,Energy,Oil & Gas Refining & Marketing,"San Antonio, Texas",20.12.2002,1035002,1980,VTR,Ventas,Real Estate,Health Care REITs,"Chicago, Illinois",4.3.2009,740260,1998,VLTO,Veralto,Industrials,Environmental & Facilities Services,"Waltham, Massachusetts",2.10.2023,1967680,2023,VRSN,Verisign,Information Technology,Internet Services & Infrastructure,"Dulles, Virginia",1.2.2006,1014473,1995,VRSK,Verisk Analytics,Industrials,Research & Consulting Services,"Jersey City, New Jersey",8.10.2015,1442145,1971,VZ,Verizon,Communication Services,Integrated Telecommunication Services,"New York City, New York",30.11.1983,732712,1983 (1877),VRTX,Vertex Pharmaceuticals,Health Care,Biotechnology,"Boston, Massachusetts",23.9.2013,875320,1989,VTRS,Viatris,Health Care,Pharmaceuticals,"Pittsburgh, Pennsylvania",23.4.2004,1792044,1961,VICI,Vici Properties,Real Estate,Hotel & Resort REITs,"New York City, New York",8.6.2022,1705696,2017,V,Visa Inc.,Financials,Transaction & Payment Processing Services,"San Francisco, California",21.12.2009,1403161,1958,VST,Vistra Corp.,Utilities,Electric Utilities,"Irving, Texas",8.5.2024,1692819,2016,VMC,Vulcan Materials Company,Materials,Construction Materials,"Birmingham, Alabama",30.6.1999,1396009,1909,WRB,W. R. Berkley Corporation,Financials,Property & Casualty Insurance,"Greenwich, Connecticut",5.12.2019,11544,1967,GWW,W. W. Grainger,Industrials,Industrial Machinery & Supplies & Components,"Lake Forest, Illinois",30.6.1981,277135,1927,WAB,Wabtec,Industrials,Construction Machinery & Heavy Transportation Equipment,"Pittsburgh, Pennsylvania",27.2.2019,943452,1999 (1869),WBA,Walgreens Boots Alliance,Consumer Staples,Drug Retail,"Deerfield, Illinois",31.12.1979,1618921,2014,WMT,Walmart,Consumer Staples,Consumer Staples Merchandise Retail,"Bentonville, Arkansas",31.8.1982,104169,1962,DIS,Walt Disney Company (The),Communication Services,Movies & Entertainment,"Burbank, California",30.6.1976,1744489,1923,WBD,Warner Bros. Discovery,Communication Services,Broadcasting,"New York City, New York",11.4.2022,1437107,2022 (Warner Bros. 1923®,WM,Waste Management,Industrials,Environmental & Facilities Services,"Houston, Texas",31.8.1998,823768,1968,WAT,Waters Corporation,Health Care,Life Sciences Tools & Services,"Milford, Massachusetts",2.1.2002,1000697,1958,WEC,WEC Energy Group,Utilities,Electric Utilities,"Milwaukee, Wisconsin",31.10.2008,783325,1896,WFC,Wells Fargo,Financials,Diversified Banks,"San Francisco, California",30.6.1976,72971,1852,WELL,Welltower,Real Estate,Health Care REITs,"Toledo, Ohio",30.1.2009,766704,1970,WST,West Pharmaceutical Services,Health Care,Health Care Supplies,"Exton, Pennsylvania",22.5.2020,105770,1923,WDC,Western Digital,Information Technology,"Technology Hardware, Storage & Peripherals","San Jose, California",1.7.2009,106040,1970,WY,Weyerhaeuser,Real Estate,Timber REITs,"Seattle, Washington",1.10.1979,106535,1900,WMB,Williams Companies,Energy,Oil & Gas Storage & Transportation,"Tulsa, Oklahoma",31.3.1975,107263,1908,WTW,Willis Towers Watson,Financials,Insurance Brokers,"London, United Kingdom",5.1.2016,1140536,2016,WYNN,Wynn Resorts,Consumer Discretionary,Casinos & Gaming,"Paradise, Nevada",14.11.2008,1174922,2002,XEL,Xcel Energy,Utilities,Multi-Utilities,"Minneapolis, Minnesota",4.3.1957,72903,1909,XYL,Xylem Inc.,Industrials,Industrial Machinery & Supplies & Components,"White Plains, New York",1.11.2011,1524472,2011,YUM,Yum! Brands,Consumer Discretionary,Restaurants,"Louisville, Kentucky",6.10.1997,1041061,1997,ZBRA,Zebra Technologies,Information Technology,Electronic Equipment & Instruments,"Lincolnshire, Illinois",23.12.2019,877212,1969,ZBH,Zimmer Biomet,Health Care,Health Care Equipment,"Warsaw, Indiana",7.8.2001,1136869,1927,ZTS,Zoetis,Health Care,Pharmaceuticals,"Parsippany, New Jersey",21.6.2013,1555280,1952,